Date,Region,BudgetValue
1-Jan-12,Canada,575.034379
1-Feb-12,Canada,2170.270685
1-Mar-12,Canada,426.6610332
1-Apr-12,Canada,562.0577453
1-May-12,Canada,868.7122508
1-Jun-12,Canada,216.3260382
1-Jul-12,Canada,4028.593483
1-Aug-12,Canada,209.5235975
1-Sep-12,Canada,1230.994873
1-Oct-12,Canada,2440.477505
1-Nov-12,Canada,1952.355992
1-Dec-12,Canada,632.5667725
1-Feb-13,Canada,908.2076156
2-Mar-13,Canada,19.211601
1-Apr-13,Canada,452.0490962
1-May-13,Canada,1735.618019
1-Jun-13,Canada,7591.190594
1-Jul-13,Canada,4912.81378
1-Aug-13,Canada,936.0234335
1-Sep-13,Canada,26.64061762
1-Oct-13,Canada,1418.200728
1-Nov-13,Canada,5473.150921
1-Dec-13,Canada,728.793895
1-Jan-14,Canada,4541.502682
1-Feb-14,Canada,643.268907
1-Mar-14,Canada,504.2870221
1-Apr-14,Canada,13.05242054
1-May-14,Canada,1955.942146
1-Jun-14,Canada,3241.154226
1-Jul-14,Canada,1218.805622
1-Aug-14,Canada,11242.38937
1-Sep-14,Canada,1225.689961
1-Oct-14,Canada,3241.72558
1-Nov-14,Canada,5205.227244
1-Dec-14,Canada,6061.953342
1-Jan-15,Canada,453.9880226
1-Feb-15,Canada,4348.175322
1-Mar-15,Canada,1458.486938
1-Apr-15,Canada,465.657307
1-May-15,Canada,254.2469734
1-Jun-15,Canada,2394.878567
1-Jul-15,Canada,73.81743349
1-Aug-15,Canada,2784.531537
1-Sep-15,Canada,713.2549337
1-Oct-15,Canada,6657.967716
1-Nov-15,Canada,5317.968178
1-Dec-15,Canada,10267.08522
1-Jan-12,Caribbean,1377.956009
1-Feb-12,Caribbean,7912.74815
1-Mar-12,Caribbean,2883.698191
1-Apr-12,Caribbean,957.0142411
1-May-12,Caribbean,10564.2759
1-Jun-12,Caribbean,18080.25743
1-Jul-12,Caribbean,47.5051611
1-Aug-12,Caribbean,11499.93515
1-Sep-12,Caribbean,8071.212352
1-Oct-12,Caribbean,3456.139394
1-Nov-12,Caribbean,16419.5817
1-Dec-12,Caribbean,14479.34553
1-Jan-13,Caribbean,7330.25091
1-Feb-13,Caribbean,1573.797851
2-Mar-13,Caribbean,58.69918837
1-Apr-13,Caribbean,11170.98522
1-May-13,Caribbean,6533.526443
1-Jun-13,Caribbean,9574.319512
1-Jul-13,Caribbean,8992.726961
1-Aug-13,Caribbean,531.6482438
1-Sep-13,Caribbean,13633.7515
1-Oct-13,Caribbean,18292.83249
1-Nov-13,Caribbean,7538.35054
1-Dec-13,Caribbean,4538.798754
1-Jan-14,Caribbean,5218.342248
1-Feb-14,Caribbean,5430.24257
1-Mar-14,Caribbean,4844.301845
1-Apr-14,Caribbean,8889.146155
1-May-14,Caribbean,6941.447761
1-Jun-14,Caribbean,27429.02777
1-Jul-14,Caribbean,5266.572975
1-Aug-14,Caribbean,8952.565066
1-Sep-14,Caribbean,5834.766963
1-Oct-14,Caribbean,11206.06829
1-Nov-14,Caribbean,5617.972926
1-Dec-14,Caribbean,15864.35011
1-Jan-15,Caribbean,2701.238825
1-Feb-15,Caribbean,3031.909222
1-Mar-15,Caribbean,11778.73629
1-Apr-15,Caribbean,5102.985475
1-May-15,Caribbean,2700.555699
1-Jun-15,Caribbean,6614.366393
1-Jul-15,Caribbean,2893.727327
1-Aug-15,Caribbean,4787.446655
1-Sep-15,Caribbean,3645.175185
1-Oct-15,Caribbean,16701.60566
1-Nov-15,Caribbean,599.0712164
1-Dec-15,Caribbean,1780.15489
1-Jan-12,Central Africa,2743.112056
1-Feb-12,Central Africa,1167.410423
1-Mar-12,Central Africa,132.5120153
1-Apr-12,Central Africa,3297.121374
1-May-12,Central Africa,668.5566687
1-Jun-12,Central Africa,1279.852341
1-Jul-12,Central Africa,995.9737158
1-Aug-12,Central Africa,7803.14891
1-Sep-12,Central Africa,2258.405564
1-Oct-12,Central Africa,1380.315368
1-Nov-12,Central Africa,3015.863752
1-Dec-12,Central Africa,4307.089756
1-Jan-13,Central Africa,1944.523684
1-Feb-13,Central Africa,341.505555
2-Mar-13,Central Africa,22.42221572
1-May-13,Central Africa,492.2848552
1-Jun-13,Central Africa,18636.9734
1-Jul-13,Central Africa,1057.632046
1-Aug-13,Central Africa,1801.526936
1-Sep-13,Central Africa,2444.474277
1-Oct-13,Central Africa,2221.322365
1-Nov-13,Central Africa,3503.942486
1-Dec-13,Central Africa,221.2785769
1-Jan-14,Central Africa,2667.153826
1-Feb-14,Central Africa,13292.68076
1-Mar-14,Central Africa,5297.871645
1-Apr-14,Central Africa,294.7640199
1-May-14,Central Africa,6664.518234
1-Jun-14,Central Africa,2569.553054
1-Jul-14,Central Africa,3427.340856
1-Aug-14,Central Africa,9098.249109
1-Sep-14,Central Africa,2220.71521
1-Oct-14,Central Africa,5203.195625
1-Nov-14,Central Africa,3817.469671
1-Dec-14,Central Africa,7824.112192
1-Jan-15,Central Africa,1581.09989
1-Feb-15,Central Africa,2168.264578
1-Mar-15,Central Africa,286.7348866
1-Apr-15,Central Africa,184.4488498
1-May-15,Central Africa,6547.31183
1-Jun-15,Central Africa,3974.404452
1-Jul-15,Central Africa,1448.794287
1-Aug-15,Central Africa,6071.439937
1-Sep-15,Central Africa,2772.271304
1-Oct-15,Central Africa,627.255137
1-Nov-15,Central Africa,5981.207174
1-Dec-15,Central Africa,11833.62848
1-Jan-12,Central America,8862.497514
1-Feb-12,Central America,6120.031926
1-Mar-12,Central America,14736.40318
1-Apr-12,Central America,359.4849835
1-May-12,Central America,35256.8203
1-Jun-12,Central America,36676.56431
1-Jul-12,Central America,23985.94838
1-Aug-12,Central America,7875.759492
1-Sep-12,Central America,23169.23568
1-Oct-12,Central America,76857.78484
1-Nov-12,Central America,12723.01627
1-Dec-12,Central America,50203.46478
1-Jan-13,Central America,18143.29526
1-Feb-13,Central America,9918.638481
2-Mar-13,Central America,14251.68663
1-Apr-13,Central America,59671.99044
1-May-13,Central America,49428.61696
1-Jun-13,Central America,15152.72805
1-Jul-13,Central America,16126.09886
1-Aug-13,Central America,5643.310017
1-Sep-13,Central America,35506.75166
1-Oct-13,Central America,36424.74609
1-Nov-13,Central America,39419.50145
1-Dec-13,Central America,3360.02278
1-Jan-14,Central America,40208.11282
1-Feb-14,Central America,5920.805686
1-Mar-14,Central America,42038.90285
1-Apr-14,Central America,47642.51267
1-May-14,Central America,29470.8242
1-Jun-14,Central America,2637.081538
1-Jul-14,Central America,20318.97119
1-Aug-14,Central America,42541.43581
1-Sep-14,Central America,25095.78572
1-Oct-14,Central America,77583.88627
1-Nov-14,Central America,11208.99395
1-Dec-14,Central America,88129.84922
1-Jan-15,Central America,1061.326638
1-Feb-15,Central America,5106.155243
1-Mar-15,Central America,10886.86467
1-Apr-15,Central America,22803.42904
1-May-15,Central America,8148.690967
1-Jun-15,Central America,4073.223781
1-Jul-15,Central America,63232.49003
1-Aug-15,Central America,41188.18631
1-Sep-15,Central America,89680.28081
1-Oct-15,Central America,76980.64205
1-Nov-15,Central America,39272.1291
1-Dec-15,Central America,75165.85122
1-Apr-12,Central Asia,324.1967942
1-May-12,Central Asia,386.6276773
1-Jun-12,Central Asia,108.9073901
1-Jul-12,Central Asia,165.7043623
1-Aug-12,Central Asia,76.89161344
1-Sep-12,Central Asia,339.1878184
1-Oct-12,Central Asia,755.1452825
1-Nov-12,Central Asia,44.57762026
1-Dec-12,Central Asia,396.3326017
1-Jan-13,Central Asia,35.64454553
1-Feb-13,Central Asia,36.4678407
2-Mar-13,Central Asia,336.9639179
1-Apr-13,Central Asia,42.17622801
1-May-13,Central Asia,156.769417
1-Jun-13,Central Asia,3.672347162
1-Aug-13,Central Asia,4548.340173
1-Sep-13,Central Asia,74.24363879
1-Oct-13,Central Asia,2.501052728
1-Nov-13,Central Asia,2667.693332
1-Dec-13,Central Asia,155.7896149
1-Jan-14,Central Asia,26.73783098
1-Feb-14,Central Asia,164.0934333
1-Mar-14,Central Asia,60.85071455
1-Apr-14,Central Asia,27.74976294
1-May-14,Central Asia,184.4783192
1-Jun-14,Central Asia,2040.685706
1-Jul-14,Central Asia,1949.121035
1-Aug-14,Central Asia,2007.453031
1-Sep-14,Central Asia,421.4284475
1-Oct-14,Central Asia,879.0611365
1-Nov-14,Central Asia,288.4479546
1-Dec-14,Central Asia,1118.262313
1-Jan-15,Central Asia,12.24590586
1-Feb-15,Central Asia,23.6738578
1-Mar-15,Central Asia,310.4368936
1-Apr-15,Central Asia,596.457839
1-May-15,Central Asia,300.8676296
1-Jun-15,Central Asia,841.3608242
1-Jul-15,Central Asia,2750.10327
1-Aug-15,Central Asia,911.084722
1-Sep-15,Central Asia,440.0018071
1-Oct-15,Central Asia,585.0991965
1-Nov-15,Central Asia,345.9799831
1-Dec-15,Central Asia,470.8229163
1-Jan-12,Central US,1277.151357
1-Feb-12,Central US,570.9276948
1-Mar-12,Central US,4173.670073
1-Apr-12,Central US,4941.078971
1-May-12,Central US,18186.03168
1-Jun-12,Central US,5223.93226
1-Jul-12,Central US,8282.603348
1-Aug-12,Central US,6710.39798
1-Sep-12,Central US,19542.99469
1-Oct-12,Central US,6974.788817
1-Nov-12,Central US,27489.32399
1-Dec-12,Central US,15055.84032
1-Jan-13,Central US,5503.112647
1-Feb-13,Central US,4315.594281
2-Mar-13,Central US,8539.082958
1-Apr-13,Central US,13579.12929
1-May-13,Central US,4080.403226
1-Jun-13,Central US,4805.860121
1-Jul-13,Central US,4978.090696
1-Aug-13,Central US,1605.802643
1-Sep-13,Central US,2933.677387
1-Oct-13,Central US,1417.298514
1-Nov-13,Central US,33433.36514
1-Dec-13,Central US,26261.56311
1-Jan-14,Central US,10362.9394
1-Feb-14,Central US,115.7524841
1-Mar-14,Central US,2175.769943
1-Apr-14,Central US,8833.942147
1-May-14,Central US,16742.09891
1-Jun-14,Central US,5907.312403
1-Jul-14,Central US,6861.773481
1-Aug-14,Central US,4996.522687
1-Sep-14,Central US,34576.17445
1-Oct-14,Central US,42884.3789
1-Nov-14,Central US,32147.61079
1-Dec-14,Central US,35321.85506
1-Jan-15,Central US,3177.462365
1-Feb-15,Central US,3682.983652
1-Mar-15,Central US,25217.60699
1-Apr-15,Central US,2345.869842
1-May-15,Central US,18953.69059
1-Jun-15,Central US,28224.39637
1-Jul-15,Central US,12337.27863
1-Aug-15,Central US,7627.357883
1-Sep-15,Central US,5834.169421
1-Oct-15,Central US,6345.499935
1-Nov-15,Central US,10358.8543
1-Dec-15,Central US,150.3239766
1-Jan-12,Eastern Africa,699.5338048
1-Feb-12,Eastern Africa,1422.854398
1-Mar-12,Eastern Africa,970.0951345
1-Apr-12,Eastern Africa,1263.680681
1-May-12,Eastern Africa,1658.412246
1-Jun-12,Eastern Africa,2923.171893
1-Jul-12,Eastern Africa,1416.843304
1-Aug-12,Eastern Africa,987.0253324
1-Sep-12,Eastern Africa,1412.17668
1-Oct-12,Eastern Africa,60.96240195
1-Nov-12,Eastern Africa,960.5949545
1-Dec-12,Eastern Africa,1400.86062
1-Jan-13,Eastern Africa,2913.356701
1-Feb-13,Eastern Africa,1252.550199
2-Mar-13,Eastern Africa,3911.28059
1-Apr-13,Eastern Africa,1540.541473
1-May-13,Eastern Africa,1737.492774
1-Jun-13,Eastern Africa,7060.037829
1-Jul-13,Eastern Africa,2857.395097
1-Aug-13,Eastern Africa,314.1296516
1-Sep-13,Eastern Africa,2112.756928
1-Oct-13,Eastern Africa,392.9388245
1-Nov-13,Eastern Africa,612.6306355
1-Dec-13,Eastern Africa,2026.42988
1-Jan-14,Eastern Africa,516.4249957
1-Feb-14,Eastern Africa,4179.863365
1-Mar-14,Eastern Africa,575.3895838
1-Apr-14,Eastern Africa,1155.847148
1-May-14,Eastern Africa,818.907065
1-Jun-14,Eastern Africa,1924.327502
1-Jul-14,Eastern Africa,11444.36584
1-Aug-14,Eastern Africa,967.7456189
1-Sep-14,Eastern Africa,10364.41143
1-Oct-14,Eastern Africa,974.5473631
1-Nov-14,Eastern Africa,1153.061501
1-Dec-14,Eastern Africa,1475.260846
1-Jan-15,Eastern Africa,4506.825211
1-Feb-15,Eastern Africa,2042.979961
1-Mar-15,Eastern Africa,6524.77733
1-Apr-15,Eastern Africa,6339.623554
1-May-15,Eastern Africa,1222.933853
1-Jun-15,Eastern Africa,19697.49593
1-Jul-15,Eastern Africa,338.1923344
1-Aug-15,Eastern Africa,2451.31585
1-Sep-15,Eastern Africa,7422.712336
1-Oct-15,Eastern Africa,2099.346909
1-Nov-15,Eastern Africa,6502.115703
1-Dec-15,Eastern Africa,5561.991345
1-Jan-12,Eastern Asia,11041.59459
1-Feb-12,Eastern Asia,38265.71191
1-Mar-12,Eastern Asia,7212.086496
1-Apr-12,Eastern Asia,18465.66025
1-May-12,Eastern Asia,20162.34479
1-Jun-12,Eastern Asia,8373.114662
1-Jul-12,Eastern Asia,659.1510843
1-Aug-12,Eastern Asia,9074.89506
1-Sep-12,Eastern Asia,18525.94149
1-Oct-12,Eastern Asia,41659.56656
1-Nov-12,Eastern Asia,10790.72244
1-Dec-12,Eastern Asia,15233.05626
1-Jan-13,Eastern Asia,17575.90538
1-Feb-13,Eastern Asia,12681.55301
2-Mar-13,Eastern Asia,699.8723388
1-Apr-13,Eastern Asia,11890.04091
1-May-13,Eastern Asia,14220.99395
1-Jun-13,Eastern Asia,19732.57624
1-Jul-13,Eastern Asia,7495.828857
1-Aug-13,Eastern Asia,2936.724533
1-Sep-13,Eastern Asia,6562.969486
1-Oct-13,Eastern Asia,14231.20342
1-Nov-13,Eastern Asia,18168.19994
1-Dec-13,Eastern Asia,30592.96895
1-Jan-14,Eastern Asia,19031.33322
1-Feb-14,Eastern Asia,5351.444426
1-Mar-14,Eastern Asia,16473.78847
1-Apr-14,Eastern Asia,422.5460862
1-May-14,Eastern Asia,41713.59494
1-Jun-14,Eastern Asia,12591.82964
1-Jul-14,Eastern Asia,53334.13659
1-Aug-14,Eastern Asia,28631.98939
1-Sep-14,Eastern Asia,47928.82336
1-Oct-14,Eastern Asia,31622.79384
1-Nov-14,Eastern Asia,41414.35792
1-Dec-14,Eastern Asia,16984.262
1-Jan-15,Eastern Asia,22715.55485
1-Feb-15,Eastern Asia,20345.20052
1-Mar-15,Eastern Asia,14907.75405
1-Apr-15,Eastern Asia,19087.23029
1-May-15,Eastern Asia,43305.18703
1-Jun-15,Eastern Asia,36987.59104
1-Jul-15,Eastern Asia,34355.18124
1-Aug-15,Eastern Asia,7092.990548
1-Sep-15,Eastern Asia,39078.00427
1-Oct-15,Eastern Asia,71308.72147
1-Nov-15,Eastern Asia,58779.65216
1-Dec-15,Eastern Asia,43395.078
1-Jan-12,Eastern Europe,1031.72646
1-Feb-12,Eastern Europe,4513.341884
1-Mar-12,Eastern Europe,504.698453
1-Apr-12,Eastern Europe,1736.936651
1-May-12,Eastern Europe,7076.860402
1-Jun-12,Eastern Europe,1820.940454
1-Jul-12,Eastern Europe,2248.615347
1-Aug-12,Eastern Europe,1887.876279
1-Sep-12,Eastern Europe,1596.04231
1-Oct-12,Eastern Europe,5008.718691
1-Nov-12,Eastern Europe,19377.78794
1-Dec-12,Eastern Europe,1953.157216
1-Jan-13,Eastern Europe,3354.878654
1-Feb-13,Eastern Europe,5987.249464
2-Mar-13,Eastern Europe,14413.07521
1-Apr-13,Eastern Europe,310.4239345
1-May-13,Eastern Europe,803.9023387
1-Jun-13,Eastern Europe,3152.045918
1-Jul-13,Eastern Europe,3176.134084
1-Aug-13,Eastern Europe,2329.638283
1-Sep-13,Eastern Europe,12975.17234
1-Oct-13,Eastern Europe,687.1881028
1-Nov-13,Eastern Europe,7310.21665
1-Dec-13,Eastern Europe,5071.115869
1-Jan-14,Eastern Europe,8103.30686
1-Feb-14,Eastern Europe,382.0615503
1-Mar-14,Eastern Europe,5123.632876
1-Apr-14,Eastern Europe,8360.117207
1-May-14,Eastern Europe,2164.258468
1-Jun-14,Eastern Europe,2186.866567
1-Jul-14,Eastern Europe,4615.82723
1-Aug-14,Eastern Europe,22312.6092
1-Sep-14,Eastern Europe,16794.43302
1-Oct-14,Eastern Europe,7216.097807
1-Nov-14,Eastern Europe,16363.79221
1-Dec-14,Eastern Europe,9454.180718
1-Jan-15,Eastern Europe,1282.979008
1-Feb-15,Eastern Europe,1788.649392
1-Mar-15,Eastern Europe,22363.9846
1-Apr-15,Eastern Europe,2546.488661
1-May-15,Eastern Europe,5780.864176
1-Jun-15,Eastern Europe,34269.10101
1-Jul-15,Eastern Europe,1293.045597
1-Aug-15,Eastern Europe,17165.9379
1-Sep-15,Eastern Europe,31302.44048
1-Oct-15,Eastern Europe,6125.308524
1-Nov-15,Eastern Europe,18186.10659
1-Dec-15,Eastern Europe,6805.829442
1-Jan-12,Eastern US,658.4126098
1-Feb-12,Eastern US,442.4273227
1-Mar-12,Eastern US,10703.44252
1-Apr-12,Eastern US,167.3619716
1-May-12,Eastern US,4062.995351
1-Jun-12,Eastern US,16540.08165
1-Jul-12,Eastern US,287.1816832
1-Aug-12,Eastern US,8988.07709
1-Sep-12,Eastern US,54171.16388
1-Oct-12,Eastern US,14315.93669
1-Nov-12,Eastern US,64024.44841
1-Dec-12,Eastern US,11994.38449
1-Jan-13,Eastern US,2507.93472
1-Feb-13,Eastern US,9493.309839
2-Mar-13,Eastern US,7231.556044
1-Apr-13,Eastern US,7361.748787
1-May-13,Eastern US,7679.382973
1-Jun-13,Eastern US,2125.841096
1-Jul-13,Eastern US,20213.59701
1-Aug-13,Eastern US,23297.91108
1-Sep-13,Eastern US,73161.73385
1-Oct-13,Eastern US,12411.31631
1-Nov-13,Eastern US,9424.78196
1-Dec-13,Eastern US,31946.51133
1-Jan-14,Eastern US,7866.75554
1-Feb-14,Eastern US,6692.409089
1-Mar-14,Eastern US,10573.79371
1-Apr-14,Eastern US,13063.20539
1-May-14,Eastern US,14899.60505
1-Jun-14,Eastern US,7839.341966
1-Jul-14,Eastern US,1480.304297
1-Aug-14,Eastern US,9313.950964
1-Sep-14,Eastern US,19749.24413
1-Oct-14,Eastern US,16920.44253
1-Nov-14,Eastern US,55293.58923
1-Dec-14,Eastern US,63204.65694
1-Jan-15,Eastern US,390.0089596
1-Feb-15,Eastern US,11705.78609
1-Mar-15,Eastern US,1881.102757
1-Apr-15,Eastern US,17221.50449
1-May-15,Eastern US,15477.53379
1-Jun-15,Eastern US,8464.576952
1-Jul-15,Eastern US,23554.10415
1-Aug-15,Eastern US,37185.90638
1-Sep-15,Eastern US,17040.55509
1-Oct-15,Eastern US,81131.18069
1-Nov-15,Eastern US,26420.42251
1-Dec-15,Eastern US,34935.65969
1-Jan-12,North Africa,10326.26156
1-Feb-12,North Africa,6013.099765
1-Mar-12,North Africa,1015.110386
1-Apr-12,North Africa,3333.001101
1-May-12,North Africa,1330.263121
1-Jun-12,North Africa,2228.067953
1-Jul-12,North Africa,478.9346077
1-Aug-12,North Africa,4650.608238
1-Sep-12,North Africa,557.2777651
1-Oct-12,North Africa,3798.376509
1-Nov-12,North Africa,2836.878879
1-Dec-12,North Africa,8813.386567
1-Jan-13,North Africa,6762.042082
1-Feb-13,North Africa,11.09582516
2-Mar-13,North Africa,298.2328068
1-Apr-13,North Africa,1515.804475
1-May-13,North Africa,8144.511983
1-Jun-13,North Africa,203.9933795
1-Jul-13,North Africa,1603.394983
1-Aug-13,North Africa,14254.6559
1-Sep-13,North Africa,10250.96496
1-Oct-13,North Africa,3793.542285
1-Nov-13,North Africa,13279.28374
1-Dec-13,North Africa,8123.454199
1-Jan-14,North Africa,676.1103416
1-Feb-14,North Africa,15172.90391
1-Mar-14,North Africa,319.0760254
1-Apr-14,North Africa,1011.326457
1-May-14,North Africa,271.6075012
1-Jun-14,North Africa,12218.52055
1-Jul-14,North Africa,7202.055773
1-Aug-14,North Africa,2479.018945
1-Sep-14,North Africa,12843.93434
1-Oct-14,North Africa,3929.861484
1-Nov-14,North Africa,11071.06304
1-Dec-14,North Africa,4430.750955
1-Jan-15,North Africa,18983.3779
1-Feb-15,North Africa,1760.578145
1-Mar-15,North Africa,2692.714677
1-Apr-15,North Africa,2897.386353
1-May-15,North Africa,7833.547309
1-Jun-15,North Africa,10799.20795
1-Jul-15,North Africa,771.1433177
1-Aug-15,North Africa,549.9710573
1-Sep-15,North Africa,1279.410327
1-Oct-15,North Africa,19917.11668
1-Nov-15,North Africa,24381.84613
1-Dec-15,North Africa,14598.70075
1-Jan-12,Northern Europe,1706.12228
1-Feb-12,Northern Europe,4573.241499
1-Mar-12,Northern Europe,10075.65258
1-Apr-12,Northern Europe,3422.343819
1-May-12,Northern Europe,8544.549323
1-Jun-12,Northern Europe,12232.23457
1-Jul-12,Northern Europe,12387.54806
1-Aug-12,Northern Europe,18461.72678
1-Sep-12,Northern Europe,11561.25751
1-Oct-12,Northern Europe,865.7910459
1-Nov-12,Northern Europe,9915.671503
1-Dec-12,Northern Europe,18154.09137
1-Jan-13,Northern Europe,12492.40447
1-Feb-13,Northern Europe,16251.20018
2-Mar-13,Northern Europe,11299.39686
1-Apr-13,Northern Europe,5059.756226
1-May-13,Northern Europe,24211.33816
1-Jun-13,Northern Europe,35337.48385
1-Jul-13,Northern Europe,18885.36131
1-Aug-13,Northern Europe,18101.35364
1-Sep-13,Northern Europe,30461.10838
1-Oct-13,Northern Europe,17917.54794
1-Nov-13,Northern Europe,17638.91209
1-Dec-13,Northern Europe,8203.534583
1-Jan-14,Northern Europe,34619.27297
1-Feb-14,Northern Europe,2209.509475
1-Mar-14,Northern Europe,2220.297459
1-Apr-14,Northern Europe,4305.599044
1-May-14,Northern Europe,5834.690564
1-Jun-14,Northern Europe,30438.30536
1-Jul-14,Northern Europe,7041.609473
1-Aug-14,Northern Europe,1183.235015
1-Sep-14,Northern Europe,33233.04153
1-Oct-14,Northern Europe,15735.58736
1-Nov-14,Northern Europe,20160.06084
1-Dec-14,Northern Europe,17714.75031
1-Jan-15,Northern Europe,37711.94873
1-Feb-15,Northern Europe,253.369051
1-Mar-15,Northern Europe,8942.047244
1-Apr-15,Northern Europe,28172.05602
1-May-15,Northern Europe,15670.06717
1-Jun-15,Northern Europe,42173.92443
1-Jul-15,Northern Europe,16701.68009
1-Aug-15,Northern Europe,78865.18265
1-Sep-15,Northern Europe,39432.46725
1-Oct-15,Northern Europe,42118.52344
1-Nov-15,Northern Europe,36668.60816
1-Dec-15,Northern Europe,23270.01738
1-Jan-12,Oceania,15033.25536
1-Feb-12,Oceania,12125.22643
1-Mar-12,Oceania,10512.61757
1-Apr-12,Oceania,5442.17789
1-May-12,Oceania,17306.01967
1-Jun-12,Oceania,45518.88914
1-Jul-12,Oceania,14314.67352
1-Aug-12,Oceania,27986.30979
1-Sep-12,Oceania,3054.944453
1-Oct-12,Oceania,20358.80948
1-Nov-12,Oceania,19395.90596
1-Dec-12,Oceania,36046.40351
1-Jan-13,Oceania,20380.07183
1-Feb-13,Oceania,24411.79435
2-Mar-13,Oceania,41253.29247
1-Apr-13,Oceania,3058.273072
1-May-13,Oceania,62794.46162
1-Jun-13,Oceania,42845.91585
1-Jul-13,Oceania,8210.364589
1-Aug-13,Oceania,64589.23711
1-Sep-13,Oceania,24723.19019
1-Oct-13,Oceania,56856.27793
1-Nov-13,Oceania,26953.46648
1-Dec-13,Oceania,9174.584841
1-Jan-14,Oceania,7062.312164
1-Feb-14,Oceania,33926.42763
1-Mar-14,Oceania,34438.49507
1-Apr-14,Oceania,4087.574825
1-May-14,Oceania,40589.34733
1-Jun-14,Oceania,80759.80853
1-Jul-14,Oceania,13902.62124
1-Aug-14,Oceania,10731.34636
1-Sep-14,Oceania,31702.48136
1-Oct-14,Oceania,6906.054278
1-Nov-14,Oceania,24942.06661
1-Dec-14,Oceania,27309.03426
1-Jan-15,Oceania,48716.04135
1-Feb-15,Oceania,37998.65654
1-Mar-15,Oceania,7427.511164
1-Apr-15,Oceania,10944.21052
1-May-15,Oceania,61341.46124
1-Jun-15,Oceania,14804.64364
1-Jul-15,Oceania,3124.469574
1-Aug-15,Oceania,63323.53775
1-Sep-15,Oceania,48441.01899
1-Oct-15,Oceania,66.40133676
1-Nov-15,Oceania,58420.97158
1-Dec-15,Oceania,65011.29608
1-Jan-12,South America,4304.854303
1-Feb-12,South America,1580.927431
1-Mar-12,South America,1272.852975
1-Apr-12,South America,3630.930023
1-May-12,South America,6127.55569
1-Jun-12,South America,3221.790809
1-Jul-12,South America,6751.85966
1-Aug-12,South America,14439.20837
1-Sep-12,South America,10103.14541
1-Oct-12,South America,7884.818736
1-Nov-12,South America,25855.80871
1-Dec-12,South America,14182.9627
1-Jan-13,South America,723.7234547
1-Feb-13,South America,7488.417349
2-Mar-13,South America,5241.816154
1-Apr-13,South America,2572.971
1-May-13,South America,14520.89252
1-Jun-13,South America,11512.39656
1-Jul-13,South America,19562.82226
1-Aug-13,South America,7363.313291
1-Sep-13,South America,13675.31914
1-Oct-13,South America,9818.947007
1-Nov-13,South America,43768.63645
1-Dec-13,South America,5919.39126
1-Jan-14,South America,3312.281214
1-Feb-14,South America,306.6683935
1-Mar-14,South America,20866.56151
1-Apr-14,South America,14488.86436
1-May-14,South America,3978.322538
1-Jun-14,South America,3065.390864
1-Jul-14,South America,25180.38238
1-Aug-14,South America,799.6992878
1-Sep-14,South America,40618.32766
1-Oct-14,South America,18572.84397
1-Nov-14,South America,17696.18439
1-Dec-14,South America,6557.173094
1-Jan-15,South America,3741.385587
1-Feb-15,South America,841.9438092
1-Mar-15,South America,15454.50913
1-Apr-15,South America,5973.766288
1-May-15,South America,40522.39432
1-Jun-15,South America,29331.74672
1-Jul-15,South America,4295.976573
1-Aug-15,South America,43625.94996
1-Sep-15,South America,43918.77285
1-Oct-15,South America,28883.93832
1-Nov-15,South America,54064.06787
1-Dec-15,South America,18099.57728
1-Jan-12,Southeastern Asia,15014.57124
1-Feb-12,Southeastern Asia,9370.38878
1-Mar-12,Southeastern Asia,1769.493166
1-Apr-12,Southeastern Asia,1611.840139
1-May-12,Southeastern Asia,6643.236006
1-Jun-12,Southeastern Asia,15409.0294
1-Jul-12,Southeastern Asia,1597.587623
1-Aug-12,Southeastern Asia,5053.417867
1-Sep-12,Southeastern Asia,6899.898265
1-Oct-12,Southeastern Asia,11130.0483
1-Nov-12,Southeastern Asia,19340.90832
1-Dec-12,Southeastern Asia,9890.058069
1-Jan-13,Southeastern Asia,41441.40478
1-Feb-13,Southeastern Asia,7506.792292
2-Mar-13,Southeastern Asia,2729.965184
1-Apr-13,Southeastern Asia,12677.30674
1-May-13,Southeastern Asia,9270.299447
1-Jun-13,Southeastern Asia,17866.97977
1-Jul-13,Southeastern Asia,14714.9793
1-Aug-13,Southeastern Asia,33375.78717
1-Sep-13,Southeastern Asia,47092.37277
1-Oct-13,Southeastern Asia,34978.66636
1-Nov-13,Southeastern Asia,25521.9411
1-Dec-13,Southeastern Asia,6924.029837
1-Jan-14,Southeastern Asia,42539.94808
1-Feb-14,Southeastern Asia,8281.350886
1-Mar-14,Southeastern Asia,18428.2187
1-Apr-14,Southeastern Asia,1649.590615
1-May-14,Southeastern Asia,7801.086207
1-Jun-14,Southeastern Asia,77218.4573
1-Jul-14,Southeastern Asia,15718.07969
1-Aug-14,Southeastern Asia,27274.52083
1-Sep-14,Southeastern Asia,20237.75376
1-Oct-14,Southeastern Asia,8240.362472
1-Nov-14,Southeastern Asia,37723.14636
1-Dec-14,Southeastern Asia,47110.76961
1-Jan-15,Southeastern Asia,15814.83177
1-Feb-15,Southeastern Asia,38842.71909
1-Mar-15,Southeastern Asia,53569.89579
1-Apr-15,Southeastern Asia,17887.68764
1-May-15,Southeastern Asia,32452.38198
1-Jun-15,Southeastern Asia,55328.31822
1-Jul-15,Southeastern Asia,56986.2854
1-Aug-15,Southeastern Asia,28775.32428
1-Sep-15,Southeastern Asia,17164.77899
1-Oct-15,Southeastern Asia,63135.06804
1-Nov-15,Southeastern Asia,24300.67197
1-Dec-15,Southeastern Asia,15806.0814
1-Jan-12,Southern Africa,243.3470122
1-Feb-12,Southern Africa,2695.350549
1-Mar-12,Southern Africa,294.2119252
1-Apr-12,Southern Africa,4949.602458
1-May-12,Southern Africa,2898.589892
1-Jun-12,Southern Africa,2097.635434
1-Jul-12,Southern Africa,644.2447078
1-Aug-12,Southern Africa,159.8461196
1-Sep-12,Southern Africa,12.8844838
1-Nov-12,Southern Africa,2451.806376
1-Dec-12,Southern Africa,688.7458272
1-Jan-13,Southern Africa,353.4437809
1-Feb-13,Southern Africa,846.3022494
2-Mar-13,Southern Africa,191.2223384
1-Apr-13,Southern Africa,162.0539143
1-May-13,Southern Africa,3044.243447
1-Jun-13,Southern Africa,1178.075281
1-Jul-13,Southern Africa,562.7658122
1-Aug-13,Southern Africa,3302.537356
1-Sep-13,Southern Africa,2511.651148
1-Oct-13,Southern Africa,698.1103385
1-Nov-13,Southern Africa,60.5703674
1-Dec-13,Southern Africa,346.9457891
1-Jan-14,Southern Africa,647.4752863
1-Feb-14,Southern Africa,1507.649006
1-Mar-14,Southern Africa,5735.906594
1-Apr-14,Southern Africa,1460.329843
1-May-14,Southern Africa,3557.829627
1-Jun-14,Southern Africa,598.382896
1-Jul-14,Southern Africa,4718.609867
1-Aug-14,Southern Africa,534.0994399
1-Sep-14,Southern Africa,43.45710713
1-Oct-14,Southern Africa,2594.689942
1-Nov-14,Southern Africa,1373.079932
1-Dec-14,Southern Africa,7567.463933
1-Jan-15,Southern Africa,2105.961274
1-Feb-15,Southern Africa,2597.569335
1-Mar-15,Southern Africa,4407.677099
1-Apr-15,Southern Africa,7245.172702
1-May-15,Southern Africa,2169.098075
1-Jun-15,Southern Africa,3724.846329
1-Jul-15,Southern Africa,5423.165537
1-Aug-15,Southern Africa,555.9100025
1-Sep-15,Southern Africa,1878.753473
1-Oct-15,Southern Africa,15901.22972
1-Nov-15,Southern Africa,451.1940775
1-Dec-15,Southern Africa,6943.732836
1-Jan-12,Southern Asia,1211.366559
1-Feb-12,Southern Asia,21277.83204
1-Mar-12,Southern Asia,7171.205466
1-Apr-12,Southern Asia,3474.110379
1-May-12,Southern Asia,5259.422508
1-Jun-12,Southern Asia,6903.312055
1-Jul-12,Southern Asia,970.110603
1-Aug-12,Southern Asia,17543.36516
1-Sep-12,Southern Asia,3062.137482
1-Oct-12,Southern Asia,22651.12347
1-Nov-12,Southern Asia,35824.19209
1-Dec-12,Southern Asia,27853.24121
1-Jan-13,Southern Asia,16562.90014
1-Feb-13,Southern Asia,45298.35644
2-Mar-13,Southern Asia,3299.13469
1-Apr-13,Southern Asia,21891.54837
1-May-13,Southern Asia,29758.08714
1-Jun-13,Southern Asia,33178.52464
1-Jul-13,Southern Asia,4462.230768
1-Aug-13,Southern Asia,29903.38446
1-Sep-13,Southern Asia,19359.41506
1-Oct-13,Southern Asia,27414.4212
1-Nov-13,Southern Asia,21957.57466
1-Dec-13,Southern Asia,26878.72505
1-Jan-14,Southern Asia,32588.35918
1-Feb-14,Southern Asia,1795.322383
1-Mar-14,Southern Asia,8436.13221
1-Apr-14,Southern Asia,3816.822696
1-May-14,Southern Asia,9617.006916
1-Jun-14,Southern Asia,25580.15702
1-Jul-14,Southern Asia,11260.99519
1-Aug-14,Southern Asia,25732.20642
1-Sep-14,Southern Asia,17730.51059
1-Oct-14,Southern Asia,41901.29808
1-Nov-14,Southern Asia,44018.3303
1-Dec-14,Southern Asia,31319.7937
1-Jan-15,Southern Asia,11425.26852
1-Feb-15,Southern Asia,11904.43345
1-Mar-15,Southern Asia,57205.6459
1-Apr-15,Southern Asia,2867.255453
1-May-15,Southern Asia,61097.82289
1-Jun-15,Southern Asia,37501.9201
1-Jul-15,Southern Asia,35864.32699
1-Aug-15,Southern Asia,87155.2566
1-Sep-15,Southern Asia,73536.6256
1-Oct-15,Southern Asia,48389.39089
1-Nov-15,Southern Asia,41563.84491
1-Dec-15,Southern Asia,19267.15358
1-Jan-12,Southern Europe,5306.104983
1-Feb-12,Southern Europe,1318.48923
1-Mar-12,Southern Europe,3953.21061
1-Apr-12,Southern Europe,5316.59536
1-May-12,Southern Europe,10739.00724
1-Jun-12,Southern Europe,12272.37184
1-Jul-12,Southern Europe,2619.113301
1-Aug-12,Southern Europe,10364.01953
1-Sep-12,Southern Europe,28086.58337
1-Oct-12,Southern Europe,3515.651862
1-Nov-12,Southern Europe,6288.025732
1-Dec-12,Southern Europe,8819.80409
1-Jan-13,Southern Europe,9625.643505
1-Feb-13,Southern Europe,962.2753387
2-Mar-13,Southern Europe,13456.62442
1-Apr-13,Southern Europe,6885.936723
1-May-13,Southern Europe,11692.98939
1-Jun-13,Southern Europe,9020.328804
1-Jul-13,Southern Europe,1356.885636
1-Aug-13,Southern Europe,36890.00147
1-Sep-13,Southern Europe,3039.151111
1-Oct-13,Southern Europe,10311.39252
1-Nov-13,Southern Europe,13466.63789
1-Dec-13,Southern Europe,962.9000483
1-Jan-14,Southern Europe,29420.15366
1-Feb-14,Southern Europe,17149.25918
1-Mar-14,Southern Europe,1895.148423
1-Apr-14,Southern Europe,22782.58437
1-May-14,Southern Europe,18370.20114
1-Jun-14,Southern Europe,36749.56404
1-Jul-14,Southern Europe,8084.399209
1-Aug-14,Southern Europe,28569.92122
1-Sep-14,Southern Europe,16261.56184
1-Oct-14,Southern Europe,8524.521512
1-Nov-14,Southern Europe,3825.907294
1-Dec-14,Southern Europe,24538.00723
1-Jan-15,Southern Europe,32572.20576
1-Feb-15,Southern Europe,14093.69334
1-Mar-15,Southern Europe,14106.6967
1-Apr-15,Southern Europe,8654.49426
1-May-15,Southern Europe,9362.344319
1-Jun-15,Southern Europe,42993.92171
1-Jul-15,Southern Europe,18397.26181
1-Aug-15,Southern Europe,44085.8731
1-Sep-15,Southern Europe,73374.86964
1-Oct-15,Southern Europe,22004.16214
1-Nov-15,Southern Europe,15683.40726
1-Dec-15,Southern Europe,232.3954033
1-Jan-12,Southern US,16096.61059
1-Feb-12,Southern US,1996.674419
1-Mar-12,Southern US,29411.11586
1-Apr-12,Southern US,2298.328924
1-May-12,Southern US,4006.455677
1-Jun-12,Southern US,4291.246729
1-Jul-12,Southern US,1367.793644
1-Aug-12,Southern US,9664.361414
1-Sep-12,Southern US,1769.821395
1-Oct-12,Southern US,9150.016879
1-Nov-12,Southern US,1745.701446
1-Dec-12,Southern US,20096.82184
1-Jan-13,Southern US,11053.5118
1-Feb-13,Southern US,1316.937644
2-Mar-13,Southern US,4347.159612
1-Apr-13,Southern US,235.0135842
1-May-13,Southern US,616.1858155
1-Jun-13,Southern US,16903.26701
1-Jul-13,Southern US,2042.017209
1-Aug-13,Southern US,11366.91216
1-Sep-13,Southern US,10757.05122
1-Oct-13,Southern US,5514.851895
1-Nov-13,Southern US,17746.24351
1-Dec-13,Southern US,10504.77783
1-Jan-14,Southern US,10005.6663
1-Feb-14,Southern US,18839.05068
1-Mar-14,Southern US,4323.224026
1-Apr-14,Southern US,981.9110441
1-May-14,Southern US,3345.982739
1-Jun-14,Southern US,1099.962461
1-Jul-14,Southern US,16276.87621
1-Aug-14,Southern US,5039.540821
1-Sep-14,Southern US,28938.034
1-Oct-14,Southern US,2087.898887
1-Nov-14,Southern US,19606.74305
1-Dec-14,Southern US,20305.10166
1-Jan-15,Southern US,10933.25416
1-Feb-15,Southern US,1294.459012
1-Mar-15,Southern US,4996.174932
1-Apr-15,Southern US,16762.15498
1-May-15,Southern US,4788.551047
1-Jun-15,Southern US,10962.51796
1-Jul-15,Southern US,6841.990973
1-Aug-15,Southern US,16125.78201
1-Sep-15,Southern US,6962.975881
1-Oct-15,Southern US,2849.321548
1-Nov-15,Southern US,63758.83152
1-Dec-15,Southern US,25220.14277
1-Jan-12,Western Africa,1579.801368
1-Feb-12,Western Africa,1195.996345
1-Mar-12,Western Africa,1745.506
1-Apr-12,Western Africa,523.1198749
1-May-12,Western Africa,666.6611014
1-Jun-12,Western Africa,1449.146522
1-Jul-12,Western Africa,3992.959033
1-Aug-12,Western Africa,5826.657645
1-Sep-12,Western Africa,3485.771576
1-Oct-12,Western Africa,2958.596649
1-Nov-12,Western Africa,1137.702299
1-Dec-12,Western Africa,1476.712899
1-Jan-13,Western Africa,315.7301561
1-Feb-13,Western Africa,2299.67572
2-Mar-13,Western Africa,444.540255
1-Apr-13,Western Africa,193.3093581
1-May-13,Western Africa,1482.791897
1-Jun-13,Western Africa,371.9703594
1-Jul-13,Western Africa,2209.69147
1-Aug-13,Western Africa,2783.970496
1-Sep-13,Western Africa,3347.378731
1-Oct-13,Western Africa,4690.321081
1-Nov-13,Western Africa,385.9450752
1-Dec-13,Western Africa,15477.67093
1-Jan-14,Western Africa,1999.96338
1-Feb-14,Western Africa,2219.167169
1-Mar-14,Western Africa,212.5939277
1-Apr-14,Western Africa,1471.151821
1-May-14,Western Africa,3995.701002
1-Jun-14,Western Africa,2963.814944
1-Jul-14,Western Africa,1156.859114
1-Aug-14,Western Africa,7962.87138
1-Sep-14,Western Africa,5807.401959
1-Oct-14,Western Africa,1253.477919
1-Nov-14,Western Africa,9745.131959
1-Dec-14,Western Africa,5048.844817
1-Jan-15,Western Africa,1402.116641
1-Feb-15,Western Africa,3015.833347
1-Mar-15,Western Africa,3704.024711
1-Apr-15,Western Africa,13556.92906
1-May-15,Western Africa,15571.29064
1-Jun-15,Western Africa,385.1615518
1-Jul-15,Western Africa,5768.583122
1-Aug-15,Western Africa,5793.776905
1-Sep-15,Western Africa,12428.45544
1-Oct-15,Western Africa,1232.648262
1-Nov-15,Western Africa,13162.02059
1-Dec-15,Western Africa,18019.4029
1-Jan-12,Western Asia,4421.296176
1-Feb-12,Western Asia,173.1575939
1-Mar-12,Western Asia,5467.791023
1-Apr-12,Western Asia,3294.242557
1-May-12,Western Asia,2972.270235
1-Jun-12,Western Asia,3868.366405
1-Jul-12,Western Asia,3586.125751
1-Aug-12,Western Asia,13063.84376
1-Sep-12,Western Asia,4619.520585
1-Oct-12,Western Asia,6904.69456
1-Nov-12,Western Asia,4710.339515
1-Dec-12,Western Asia,14139.84205
1-Jan-13,Western Asia,12189.93278
1-Feb-13,Western Asia,1504.432626
2-Mar-13,Western Asia,1327.944758
1-Apr-13,Western Asia,217.5771824
1-May-13,Western Asia,12692.80123
1-Jun-13,Western Asia,27785.06282
1-Jul-13,Western Asia,5645.470935
1-Aug-13,Western Asia,8720.247465
1-Sep-13,Western Asia,6414.096146
1-Oct-13,Western Asia,10123.3101
1-Nov-13,Western Asia,3052.260284
1-Dec-13,Western Asia,1624.683774
1-Jan-14,Western Asia,2519.964253
1-Feb-14,Western Asia,3197.861711
1-Mar-14,Western Asia,477.0672049
1-Apr-14,Western Asia,11467.76524
1-May-14,Western Asia,8690.591674
1-Jun-14,Western Asia,7606.56675
1-Jul-14,Western Asia,6346.476797
1-Aug-14,Western Asia,9688.700813
1-Sep-14,Western Asia,15738.14981
1-Oct-14,Western Asia,16166.83788
1-Nov-14,Western Asia,5477.266766
1-Dec-14,Western Asia,16729.86579
1-Jan-15,Western Asia,5772.733928
1-Feb-15,Western Asia,16884.69561
1-Mar-15,Western Asia,12043.78836
1-Apr-15,Western Asia,2530.626091
1-May-15,Western Asia,12219.53342
1-Jun-15,Western Asia,28543.45063
1-Jul-15,Western Asia,8662.519941
1-Aug-15,Western Asia,17923.34681
1-Sep-15,Western Asia,9432.258517
1-Oct-15,Western Asia,13170.49053
1-Nov-15,Western Asia,12425.21954
1-Dec-15,Western Asia,26595.55196
1-Jan-12,Western Europe,23831.97433
1-Feb-12,Western Europe,1260.615209
1-Mar-12,Western Europe,24989.83268
1-Apr-12,Western Europe,40734.69691
1-May-12,Western Europe,24763.92763
1-Jun-12,Western Europe,46439.89302
1-Jul-12,Western Europe,2332.695542
1-Aug-12,Western Europe,39028.50431
1-Sep-12,Western Europe,79939.84657
1-Oct-12,Western Europe,16936.67662
1-Nov-12,Western Europe,2836.969995
1-Dec-12,Western Europe,74357.93417
1-Jan-13,Western Europe,22974.26899
1-Feb-13,Western Europe,9856.112109
2-Mar-13,Western Europe,49696.19418
1-Apr-13,Western Europe,57146.89985
1-May-13,Western Europe,9631.954112
1-Jun-13,Western Europe,117223.2778
1-Jul-13,Western Europe,24790.05631
1-Aug-13,Western Europe,56208.57403
1-Sep-13,Western Europe,56698.27179
1-Oct-13,Western Europe,37426.96367
1-Nov-13,Western Europe,66342.51373
1-Dec-13,Western Europe,72669.62175
1-Jan-14,Western Europe,13521.88241
1-Feb-14,Western Europe,5416.061085
1-Mar-14,Western Europe,48499.6164
1-Apr-14,Western Europe,2291.137932
1-May-14,Western Europe,91434.32879
1-Jun-14,Western Europe,70645.67733
1-Jul-14,Western Europe,58527.44666
1-Aug-14,Western Europe,111774.3951
1-Sep-14,Western Europe,4290.880699
1-Oct-14,Western Europe,33245.92202
1-Nov-14,Western Europe,23053.53925
1-Dec-14,Western Europe,9160.323113
1-Jan-15,Western Europe,81567.95768
1-Feb-15,Western Europe,15983.07025
1-Mar-15,Western Europe,20362.04143
1-Apr-15,Western Europe,57992.1841
1-May-15,Western Europe,37851.81754
1-Jun-15,Western Europe,32208.99
1-Jul-15,Western Europe,50924.19942
1-Aug-15,Western Europe,41581.37055
1-Sep-15,Western Europe,30566.87957
1-Oct-15,Western Europe,7779.591119
1-Nov-15,Western Europe,51174.74573
1-Dec-15,Western Europe,175414.1377
1-Jan-12,Western US,6340.267911
1-Feb-12,Western US,3548.636348
1-Mar-12,Western US,26069.90213
1-Apr-12,Western US,3281.660484
1-May-12,Western US,478.5241709
1-Jun-12,Western US,1101.823384
1-Jul-12,Western US,18658.26024
1-Aug-12,Western US,14741.52734
1-Sep-12,Western US,28720.23156
1-Oct-12,Western US,12420.36051
1-Nov-12,Western US,25039.84717
1-Dec-12,Western US,37773.73953
1-Jan-13,Western US,8952.530953
1-Feb-13,Western US,117.6650395
2-Mar-13,Western US,7220.709372
1-Apr-13,Western US,21496.9529
1-May-13,Western US,10455.86214
1-Jun-13,Western US,12451.48979
1-Jul-13,Western US,14675.53848
1-Aug-13,Western US,30555.79855
1-Sep-13,Western US,32075.92998
1-Oct-13,Western US,21019.59161
1-Nov-13,Western US,25532.8763
1-Dec-13,Western US,23944.18314
1-Jan-14,Western US,740.3553639
1-Feb-14,Western US,4228.094389
1-Mar-14,Western US,14512.14136
1-Apr-14,Western US,18358.37064
1-May-14,Western US,19567.93485
1-Jun-14,Western US,31059.49434
1-Jul-14,Western US,18389.97971
1-Aug-14,Western US,803.7201811
1-Sep-14,Western US,48210.08139
1-Oct-14,Western US,15243.22606
1-Nov-14,Western US,19941.36241
1-Dec-14,Western US,61725.07265
1-Jan-15,Western US,30549.8404
1-Feb-15,Western US,10613.97135
1-Mar-15,Western US,39037.38873
1-Apr-15,Western US,5479.810908
1-May-15,Western US,19106.50603
1-Jun-15,Western US,2513.306616
1-Jul-15,Western US,20382.00467
1-Aug-15,Western US,4985.963651
1-Sep-15,Western US,9373.163636
1-Oct-15,Western US,16896.47044
1-Nov-15,Western US,6150.482338
1-Dec-15,Western US,27656.02726
